<hibernate-configuration>
<session-factory>
<!--  Database connection settings  -->
<property name="connection.driver_class">com.mysql.cj.jdbc.Driver</property>
<property name="connection.url">jdbc:mysql://localhost:3306/employee_management</property>
<property name="connection.username">root</property>
<property name="connection.password">password</property>
<!--  Hibernate dialect  -->
<property name="hibernate.dialect">org.hibernate.dialect.MySQLDialect</property>
<!--  Show SQL statements  -->
<property name="hibernate.show_sql">true</property>
<!--  Format SQL statements  -->
<property name="hibernate.format_sql">true</property>
<!--  Hibernate caching  -->
<property name="hibernate.cache.use_query_cache">true</property>
<property name="hibernate.cache.region.factory_class">org.hibernate.cache.ehcache.EhCacheRegionFactory</property>
</session-factory>
</hibernate-configuration>